<Objs Version="1.1.0.1" xmlns="http://schemas.microsoft.com/powershell/2004/04">
  <S>https://www.google.com.au/webhp?tab=ww</S>
  <S>http://www.google.com.au/imghp?hl=en&amp;tab=wi</S>
  <S>http://maps.google.com.au/maps?hl=en&amp;tab=wl</S>
  <S>https://play.google.com/?hl=en&amp;tab=w8</S>
  <S>http://www.youtube.com/?gl=AU&amp;tab=w1</S>
  <S>http://news.google.com.au/nwshp?hl=en&amp;tab=wn</S>
  <S>https://mail.google.com/mail/?tab=wm</S>
  <S>https://drive.google.com/?tab=wo</S>
  <S>https://www.google.com.au/intl/en/about/products?tab=wh</S>
  <S>https://www.google.com/calendar?tab=wc</S>
  <S>http://translate.google.com.au/?hl=en&amp;tab=wT</S>
  <S>https://books.google.com.au/bkshp?hl=en&amp;tab=wp</S>
  <S>https://www.google.com.au/shopping?hl=en&amp;source=og&amp;tab=wf</S>
  <S>http://www.blogger.com/?tab=wj</S>
  <S>https://photos.google.com/?tab=wq&amp;pageId=none</S>
  <S>http://video.google.com.au/?hl=en&amp;tab=wv</S>
  <S>https://docs.google.com/document/?usp=docs_alc</S>
  <S>https://www.google.com.au/intl/en/about/products?tab=wh</S>
  <S>https://accounts.google.com/ServiceLogin?hl=en&amp;passive=true&amp;continue=http://www.google.com/</S>
  <S>http://www.google.com.au/preferences?hl=en</S>
  <S>https://www.google.com/preferences?hl=en</S>
  <S>http://www.google.com.au/history/optout?hl=en</S>
  <S>https://www.google.com/advanced_search?hl=en-AU&amp;amp;authuser=0</S>
  <S>https://www.google.com/language_tools?hl=en-AU&amp;amp;authuser=0</S>
  <S>https://www.google.com/intl/en/ads/</S>
  <S>https://www.google.com/services/</S>
  <S>https://www.google.com/intl/en/about.html</S>
  <S>http://www.google.com/setprefdomain?prefdom=AU&amp;amp;prev=http://www.google.com.au/&amp;amp;sig=K_JwWSasGYeT9PiQ3webhZ9DJ-qm4%3D</S>
  <S>https://www.google.com/intl/en/policies/privacy/</S>
  <S>https://www.google.com/intl/en/policies/terms/</S>
</Objs>